id,username,email,created_at
1,clearisland55,clearisland55@hackstack.io,2026-01-15 01:34:22
2,amberyard98,amberyard98@relay.cloud,2024-05-15 16:23:07
3,rapiduplink95,rapiduplink95@example.com,2024-01-06 21:24:27
4,livelyorbit35,livelyorbit35@seeded.app,2024-02-25 09:39:20
5,amberengine96,amberengine96@acme.dev,2024-07-23 11:15:21
6,mellowcanyon21,mellowcanyon21@example.com,2024-04-21 17:57:07
7,opalisland83,opalisland83@example.com,2024-08-08 03:53:38
8,brisktrail82,brisktrail82@seeded.app,2025-02-10 09:17:18
9,mellowuplink54,mellowuplink54@seeded.app,2024-06-03 06:31:58
10,emberorbit78,emberorbit78@relay.cloud,2025-05-05 16:31:47
11,cobaltlagoon64,cobaltlagoon64@acme.dev,2024-04-25 00:22:01
12,livelysignal95,livelysignal95@example.com,2024-06-03 06:13:46
13,briskpioneer39,briskpioneer39@seeded.app,2025-09-11 23:23:10
14,ambervalley05,ambervalley05@seeded.app,2025-10-31 22:36:35
15,tidycanyon83,tidycanyon83@hackstack.io,2025-06-06 05:56:38
16,emberwindow91,emberwindow91@example.com,2024-02-02 22:48:08
17,jadedelta38,jadedelta38@relay.cloud,2025-11-23 09:18:13
18,vividengine88,vividengine88@opswise.net,2024-04-21 05:03:37
19,amberdelta25,amberdelta25@acme.dev,2025-11-07 18:55:01
20,calmtrail18,calmtrail18@relay.cloud,2025-04-09 17:39:22
21,keennetwork19,keennetwork19@seeded.app,2024-10-12 11:20:38
22,tidyriver01,tidyriver01@relay.cloud,2024-04-22 17:06:44
23,cobaltzenith30,cobaltzenith30@relay.cloud,2024-05-09 19:56:05
24,proudisland93,proudisland93@acme.dev,2025-08-01 05:53:57
25,calmsignal44,calmsignal44@hackstack.io,2025-09-21 02:40:18
26,tidysignal90,tidysignal90@example.com,2025-07-20 06:20:24
27,forestzenith27,forestzenith27@seeded.app,2024-12-02 14:14:16
28,jadedelta43,jadedelta43@seeded.app,2025-09-04 07:25:16
29,forestsignal70,forestsignal70@acme.dev,2025-05-11 02:30:35
30,quiettrail67,quiettrail67@opswise.net,2024-07-06 02:46:35
31,calmzenith54,calmzenith54@example.com,2025-04-23 19:55:04
32,emberbeacon93,emberbeacon93@relay.cloud,2025-11-27 19:14:49
33,emberriver18,emberriver18@acme.dev,2024-05-12 14:25:04
34,briskcanyon67,briskcanyon67@relay.cloud,2025-01-19 21:30:21
35,warmorbit88,warmorbit88@example.com,2024-03-29 15:44:00
36,calmriver26,calmriver26@opswise.net,2025-07-11 12:00:34
37,jadebeacon10,jadebeacon10@acme.dev,2024-08-13 07:42:39
38,warmengine28,warmengine28@relay.cloud,2026-01-20 17:18:08
39,keenorbit03,keenorbit03@relay.cloud,2024-03-04 03:21:43
40,tidyanchor66,tidyanchor66@hackstack.io,2025-12-26 07:57:44
41,clearwindow66,clearwindow66@example.com,2025-09-22 07:28:56
42,ivoryanchor74,ivoryanchor74@acme.dev,2025-03-31 23:52:42
43,youngwindow84,youngwindow84@hackstack.io,2025-07-05 00:23:38
44,cobaltyard08,cobaltyard08@hackstack.io,2024-06-15 11:25:30
45,ambermeadow61,ambermeadow61@relay.cloud,2025-06-07 18:19:27
46,quietdelta41,quietdelta41@opswise.net,2024-07-21 23:19:39
47,keensignal00,keensignal00@relay.cloud,2025-10-14 23:34:16
48,youngcanyon04,youngcanyon04@opswise.net,2025-02-09 04:02:11
49,warmisland25,warmisland25@seeded.app,2025-11-30 10:09:41
50,briskkernel36,briskkernel36@hackstack.io,2025-02-26 00:33:22
51,vividsignal31,vividsignal31@hackstack.io,2025-07-10 09:16:53
52,harbordelta68,harbordelta68@opswise.net,2025-09-08 08:48:13
53,warmvalley05,warmvalley05@seeded.app,2024-03-30 18:59:17
54,vividwindow11,vividwindow11@opswise.net,2024-06-15 21:59:18
55,calmvalley66,calmvalley66@hackstack.io,2025-03-06 18:59:58
56,opalharvest72,opalharvest72@acme.dev,2025-08-16 16:30:29
57,harborkernel67,harborkernel67@opswise.net,2024-10-22 01:09:49
58,goldtrail74,goldtrail74@example.com,2025-01-13 03:56:08
59,keendelta63,keendelta63@seeded.app,2024-09-07 16:52:21
60,livelykernel95,livelykernel95@seeded.app,2025-07-29 08:14:51
61,opaluplink17,opaluplink17@example.com,2024-12-14 19:57:20
62,proudzenith08,proudzenith08@opswise.net,2025-09-23 19:27:57
63,tidyquartz76,tidyquartz76@relay.cloud,2025-04-20 20:05:49
64,vividlagoon83,vividlagoon83@opswise.net,2025-11-12 11:18:01
65,briskbeacon40,briskbeacon40@relay.cloud,2024-07-29 10:16:07
66,dawnengine78,dawnengine78@acme.dev,2026-01-25 12:37:39
67,amberengine27,amberengine27@example.com,2025-08-27 12:35:33
68,dawngarden52,dawngarden52@acme.dev,2025-10-11 09:29:54
69,calmsignal98,calmsignal98@relay.cloud,2025-05-30 12:53:37
70,tidyorbit72,tidyorbit72@seeded.app,2024-09-16 04:48:33
71,calmisland58,calmisland58@hackstack.io,2024-09-20 10:19:59
72,dawnmeadow38,dawnmeadow38@opswise.net,2024-03-14 19:45:10
73,ambermeadow18,ambermeadow18@opswise.net,2024-02-10 01:39:12
74,urbanuplink56,urbanuplink56@seeded.app,2025-06-23 00:13:07
75,calmharvest24,calmharvest24@relay.cloud,2025-12-20 20:52:31
76,amberanchor37,amberanchor37@seeded.app,2024-12-22 14:35:49
77,briskanchor42,briskanchor42@example.com,2025-01-25 12:33:30
78,amberpioneer07,amberpioneer07@acme.dev,2024-05-11 13:42:46
79,navykernel00,navykernel00@relay.cloud,2025-11-09 13:54:33
80,opalharvest28,opalharvest28@seeded.app,2025-09-13 21:02:29
81,amberriver29,amberriver29@opswise.net,2025-01-23 16:55:29
82,opalfield92,opalfield92@hackstack.io,2024-04-08 11:43:06
83,proudorbit26,proudorbit26@hackstack.io,2024-10-08 16:46:28
84,vividriver22,vividriver22@acme.dev,2024-03-19 19:38:51
85,silverfield39,silverfield39@opswise.net,2024-05-01 11:01:32
86,opalzenith23,opalzenith23@hackstack.io,2025-11-03 21:35:33
87,harborquartz88,harborquartz88@relay.cloud,2024-07-22 12:40:19
88,cobaltlagoon58,cobaltlagoon58@acme.dev,2024-01-31 19:07:11
89,forestkernel46,forestkernel46@opswise.net,2024-07-11 22:19:32
90,calmanchor21,calmanchor21@seeded.app,2025-03-29 12:03:12
91,navydelta55,navydelta55@seeded.app,2024-12-02 21:06:25
92,goldyard70,goldyard70@hackstack.io,2025-07-24 11:24:13
93,emberzenith31,emberzenith31@hackstack.io,2024-07-08 20:24:04
94,forestuplink52,forestuplink52@example.com,2025-03-29 11:54:52
95,amberorbit27,amberorbit27@relay.cloud,2024-02-19 00:27:24
96,vividquartz74,vividquartz74@hackstack.io,2024-09-17 18:44:25
97,navypioneer84,navypioneer84@example.com,2024-08-27 02:36:17
98,urbanorbit25,urbanorbit25@relay.cloud,2025-09-23 01:13:34
99,silverpioneer13,silverpioneer13@relay.cloud,2025-02-05 03:54:07
100,silveruplink44,silveruplink44@opswise.net,2024-04-18 09:30:32
101,goldengine02,goldengine02@opswise.net,2025-04-17 23:39:01
102,cleargarden25,cleargarden25@opswise.net,2024-04-07 13:04:56
103,mellowanchor21,mellowanchor21@hackstack.io,2026-01-19 22:15:02
104,urbanharvest83,urbanharvest83@relay.cloud,2025-02-05 03:46:18
105,goldriver47,goldriver47@relay.cloud,2024-01-03 13:01:52
106,opalkernel62,opalkernel62@opswise.net,2026-01-10 07:38:01
107,livelykernel85,livelykernel85@opswise.net,2025-05-28 21:50:00
108,emberorbit33,emberorbit33@hackstack.io,2026-01-11 15:21:28
109,emberkernel32,emberkernel32@hackstack.io,2024-09-25 23:56:42
110,tidycanyon48,tidycanyon48@relay.cloud,2024-04-24 07:35:35
111,proudriver86,proudriver86@opswise.net,2025-11-27 04:18:53
112,quietgarden37,quietgarden37@relay.cloud,2024-04-30 10:11:45
113,silversignal29,silversignal29@seeded.app,2025-08-15 04:49:31
114,briskuplink39,briskuplink39@opswise.net,2025-06-25 07:46:32
115,goldvalley97,goldvalley97@hackstack.io,2025-07-26 22:45:42
116,amberdelta17,amberdelta17@relay.cloud,2024-06-23 14:39:27
117,harborsignal03,harborsignal03@seeded.app,2024-11-07 12:27:14
118,youngjourney18,youngjourney18@opswise.net,2024-11-08 12:53:23
119,quietbeacon30,quietbeacon30@relay.cloud,2025-12-22 11:35:39
120,proudlagoon36,proudlagoon36@hackstack.io,2026-01-12 14:17:26
121,navywindow93,navywindow93@seeded.app,2024-11-10 01:14:31
122,navysignal22,navysignal22@example.com,2025-01-12 13:20:06
123,goldisland99,goldisland99@acme.dev,2024-03-31 21:35:59
124,jadequartz20,jadequartz20@example.com,2024-02-28 12:45:49
125,younguplink36,younguplink36@hackstack.io,2025-06-29 19:06:00
126,navypioneer86,navypioneer86@relay.cloud,2025-07-01 16:11:47
127,keenkernel66,keenkernel66@seeded.app,2026-01-22 18:23:09
128,jaderiver74,jaderiver74@example.com,2025-06-01 05:26:54
129,mellowsignal18,mellowsignal18@example.com,2026-01-28 07:30:34
130,cobaltsignal56,cobaltsignal56@seeded.app,2024-08-19 07:25:32
131,rapidvalley34,rapidvalley34@example.com,2025-11-13 15:50:03
132,goldbeacon73,goldbeacon73@example.com,2025-10-27 00:00:59
133,urbangarden64,urbangarden64@hackstack.io,2025-12-24 17:47:37
134,opalharvest72,opalharvest72@hackstack.io,2025-12-07 15:58:12
135,keenquartz44,keenquartz44@hackstack.io,2025-03-14 11:39:57
136,harborzenith62,harborzenith62@seeded.app,2025-05-13 19:12:28
137,golddelta13,golddelta13@seeded.app,2025-08-04 17:35:18
138,urbanharvest04,urbanharvest04@seeded.app,2024-02-02 02:13:22
139,amberyard45,amberyard45@relay.cloud,2024-08-21 07:34:19
140,tidyvalley00,tidyvalley00@opswise.net,2025-11-20 15:24:08
141,proudfield29,proudfield29@opswise.net,2024-09-16 16:33:21
142,opalengine72,opalengine72@acme.dev,2025-06-14 04:52:00
143,vividjourney74,vividjourney74@acme.dev,2026-01-27 12:56:13
144,livelymeadow69,livelymeadow69@relay.cloud,2025-03-27 23:22:43
145,warmpioneer93,warmpioneer93@opswise.net,2024-01-02 21:47:47
146,calmanchor09,calmanchor09@acme.dev,2024-05-27 06:15:18
147,mellowquartz12,mellowquartz12@hackstack.io,2025-09-30 17:56:31
148,cobaltdelta26,cobaltdelta26@hackstack.io,2025-07-31 00:12:59
149,harborengine35,harborengine35@hackstack.io,2024-06-20 15:52:57
150,dawnpioneer64,dawnpioneer64@acme.dev,2025-05-18 09:17:35
151,navymeadow62,navymeadow62@acme.dev,2024-01-29 08:35:39
152,navyorbit91,navyorbit91@example.com,2025-10-28 04:10:36
153,rapidvalley45,rapidvalley45@seeded.app,2024-06-01 12:29:37
154,tidycanyon76,tidycanyon76@example.com,2024-04-20 11:29:17
155,warmnetwork49,warmnetwork49@seeded.app,2025-08-29 12:31:02
156,silverorbit63,silverorbit63@hackstack.io,2024-12-28 18:42:26
157,jadequartz79,jadequartz79@example.com,2025-10-23 10:38:32
158,navyjourney93,navyjourney93@hackstack.io,2024-11-10 15:27:19
159,warmnetwork14,warmnetwork14@seeded.app,2025-01-31 01:49:19
160,rapidlagoon52,rapidlagoon52@acme.dev,2025-08-27 09:52:55
161,forestwindow22,forestwindow22@example.com,2025-04-19 13:08:27
162,harborjourney20,harborjourney20@opswise.net,2025-06-15 07:48:04
163,jadesignal23,jadesignal23@seeded.app,2025-10-26 21:34:55
164,emberkernel01,emberkernel01@hackstack.io,2024-09-06 00:51:47
165,urbannetwork41,urbannetwork41@example.com,2026-01-25 14:21:32
166,rapidcanyon24,rapidcanyon24@opswise.net,2024-04-14 00:02:17
167,tidydelta89,tidydelta89@acme.dev,2024-11-27 18:17:09
168,navyriver93,navyriver93@acme.dev,2025-08-11 03:27:02
169,tidycanyon63,tidycanyon63@relay.cloud,2024-12-14 07:48:30
170,livelyharvest57,livelyharvest57@seeded.app,2024-11-27 13:34:28
171,warmanchor13,warmanchor13@hackstack.io,2025-12-17 18:56:03
172,jadedelta87,jadedelta87@relay.cloud,2025-10-24 03:55:38
173,urbandelta18,urbandelta18@example.com,2026-01-27 13:15:06
174,urbansignal31,urbansignal31@seeded.app,2026-01-10 16:24:39
175,keenbeacon63,keenbeacon63@seeded.app,2025-06-15 21:11:43
176,mellownetwork19,mellownetwork19@hackstack.io,2025-03-24 10:52:46
177,warmisland23,warmisland23@seeded.app,2025-07-20 07:31:02
178,calmlagoon28,calmlagoon28@opswise.net,2025-08-01 09:38:36
179,rapidriver82,rapidriver82@example.com,2025-01-09 02:55:18
180,emberorbit61,emberorbit61@relay.cloud,2024-08-19 22:45:29
181,tidyanchor41,tidyanchor41@acme.dev,2024-06-25 15:50:01
182,tidyanchor80,tidyanchor80@opswise.net,2024-02-14 09:25:37
183,harborriver73,harborriver73@seeded.app,2025-06-24 01:02:58
184,navynetwork05,navynetwork05@acme.dev,2024-02-10 20:39:10
185,clearnetwork25,clearnetwork25@hackstack.io,2024-06-25 02:36:41
186,proudriver16,proudriver16@opswise.net,2025-12-23 11:16:21
187,keenharvest95,keenharvest95@seeded.app,2025-11-28 01:42:29
188,quietnetwork93,quietnetwork93@example.com,2025-12-08 15:02:35
189,quietbeacon85,quietbeacon85@acme.dev,2026-01-24 23:23:13
190,mellowanchor11,mellowanchor11@seeded.app,2024-11-22 05:18:04
191,calmquartz52,calmquartz52@example.com,2024-06-30 09:26:19
192,opalkernel41,opalkernel41@acme.dev,2024-09-01 21:06:28
193,keenkernel49,keenkernel49@example.com,2024-06-20 15:34:30
194,urbanlagoon46,urbanlagoon46@seeded.app,2025-10-11 10:19:20
195,opalbeacon32,opalbeacon32@opswise.net,2025-02-24 06:36:55
196,keenharvest40,keenharvest40@relay.cloud,2025-12-25 08:04:09
197,forestsignal83,forestsignal83@acme.dev,2024-11-10 03:12:31
198,dawngarden66,dawngarden66@acme.dev,2024-07-24 17:45:00
199,jadeanchor70,jadeanchor70@seeded.app,2026-01-24 05:36:54
200,rapidzenith42,rapidzenith42@relay.cloud,2024-02-03 13:24:21
201,rapidjourney20,rapidjourney20@example.com,2024-09-19 09:15:19
202,vividdelta49,vividdelta49@seeded.app,2025-06-27 10:59:32
203,tidyorbit05,tidyorbit05@acme.dev,2024-01-03 23:23:10
204,emberpioneer21,emberpioneer21@seeded.app,2025-02-11 23:01:48
205,opaluplink28,opaluplink28@seeded.app,2024-08-22 05:15:13
206,ivoryjourney92,ivoryjourney92@example.com,2025-05-29 02:36:35
207,calmsignal02,calmsignal02@hackstack.io,2026-01-25 05:54:15
208,forestfield78,forestfield78@relay.cloud,2025-05-19 03:56:28
209,silverpioneer71,silverpioneer71@acme.dev,2024-03-23 21:39:37
210,dawntrail87,dawntrail87@acme.dev,2024-12-20 14:15:20
211,quietsignal83,quietsignal83@seeded.app,2025-12-27 17:47:02
212,goldcanyon52,goldcanyon52@hackstack.io,2025-11-23 18:58:59
213,warmorbit18,warmorbit18@relay.cloud,2024-09-23 04:51:52
214,cobaltcanyon49,cobaltcanyon49@example.com,2024-05-30 16:41:38
215,harbormeadow25,harbormeadow25@relay.cloud,2024-11-04 23:10:17
216,calmmeadow20,calmmeadow20@relay.cloud,2026-01-06 09:48:04
217,opallagoon88,opallagoon88@hackstack.io,2024-02-27 06:03:21
218,calmcanyon01,calmcanyon01@relay.cloud,2024-09-21 11:19:52
219,quietorbit94,quietorbit94@opswise.net,2025-10-10 14:53:20
220,goldengine09,goldengine09@seeded.app,2024-01-07 19:29:43
221,dawnbeacon50,dawnbeacon50@relay.cloud,2025-12-18 20:52:30
222,tidyquartz87,tidyquartz87@opswise.net,2024-01-28 21:02:04
223,rapidbeacon66,rapidbeacon66@opswise.net,2025-04-26 21:27:56
224,dawnlagoon27,dawnlagoon27@hackstack.io,2025-07-30 16:57:31
225,quietpioneer65,quietpioneer65@example.com,2024-10-31 16:35:00
226,livelyanchor29,livelyanchor29@example.com,2024-07-23 01:38:06
227,ambervalley57,ambervalley57@seeded.app,2024-08-08 05:15:38
228,silverfield42,silverfield42@relay.cloud,2025-08-09 18:10:14
229,opalvalley94,opalvalley94@seeded.app,2025-06-02 20:32:27
230,embertrail29,embertrail29@relay.cloud,2025-06-22 15:06:09
231,tidyyard04,tidyyard04@seeded.app,2025-10-01 21:21:15
232,keenvalley71,keenvalley71@opswise.net,2025-11-26 22:41:16
233,urbanwindow47,urbanwindow47@hackstack.io,2025-03-16 15:24:49
234,ambervalley71,ambervalley71@relay.cloud,2025-11-26 15:48:54
235,calmharvest17,calmharvest17@hackstack.io,2025-12-30 11:43:22
236,opallagoon39,opallagoon39@relay.cloud,2024-01-24 14:40:26
237,keenfield21,keenfield21@example.com,2024-02-21 11:26:08
238,emberwindow25,emberwindow25@seeded.app,2024-09-09 07:50:56
239,silverpioneer76,silverpioneer76@opswise.net,2024-02-07 13:55:45
240,opaldelta19,opaldelta19@relay.cloud,2025-07-23 12:58:15
241,harbororbit98,harbororbit98@acme.dev,2024-06-29 02:54:10
242,mellowisland68,mellowisland68@opswise.net,2025-09-16 08:43:47
243,harborisland37,harborisland37@seeded.app,2025-12-05 12:27:07
244,warmfield89,warmfield89@example.com,2025-03-30 17:33:46
245,harborfield69,harborfield69@example.com,2024-08-31 00:19:30
246,livelycanyon15,livelycanyon15@opswise.net,2026-01-18 03:10:43
247,navymeadow30,navymeadow30@opswise.net,2025-03-07 17:33:09
248,livelyharvest42,livelyharvest42@relay.cloud,2024-12-06 15:34:04
249,cobaltisland44,cobaltisland44@acme.dev,2024-03-19 05:28:13
250,quietdelta92,quietdelta92@seeded.app,2025-12-27 21:15:35
251,calmvalley21,calmvalley21@acme.dev,2024-12-16 21:01:05
252,dawnjourney26,dawnjourney26@relay.cloud,2024-03-27 16:25:46
253,opalzenith40,opalzenith40@acme.dev,2025-03-26 12:44:10
254,tidynetwork89,tidynetwork89@relay.cloud,2024-04-10 20:52:14
255,silverbeacon44,silverbeacon44@example.com,2025-08-11 18:46:19
256,clearnetwork41,clearnetwork41@hackstack.io,2024-11-13 19:44:17
257,quietwindow84,quietwindow84@acme.dev,2025-02-25 16:53:45
258,calmjourney01,calmjourney01@hackstack.io,2025-02-04 00:13:20
259,quietbeacon46,quietbeacon46@seeded.app,2025-02-22 14:38:46
260,emberpioneer22,emberpioneer22@example.com,2025-11-15 16:30:38
261,livelysignal89,livelysignal89@hackstack.io,2025-11-25 20:15:06
262,dawntrail26,dawntrail26@hackstack.io,2025-03-12 14:07:25
263,jadegarden95,jadegarden95@opswise.net,2024-01-16 12:59:43
264,navycanyon76,navycanyon76@hackstack.io,2025-10-21 15:22:45
265,goldfield81,goldfield81@example.com,2024-01-23 12:43:56
266,mellowharvest05,mellowharvest05@acme.dev,2025-11-20 07:09:36
267,mellowgarden89,mellowgarden89@opswise.net,2026-01-04 07:37:06
268,harbormeadow46,harbormeadow46@acme.dev,2025-12-17 11:57:26
269,cobaltmeadow05,cobaltmeadow05@relay.cloud,2025-07-29 01:19:12
270,forestuplink32,forestuplink32@seeded.app,2025-02-22 08:04:01
271,clearlagoon30,clearlagoon30@relay.cloud,2024-03-13 06:29:25
272,youngzenith85,youngzenith85@seeded.app,2025-12-18 18:40:39
273,livelyisland43,livelyisland43@relay.cloud,2024-10-18 23:07:07
274,harborvalley27,harborvalley27@opswise.net,2024-06-06 19:12:40
275,keenvalley66,keenvalley66@acme.dev,2025-10-21 08:38:12
276,embernetwork72,embernetwork72@relay.cloud,2025-08-30 21:23:56
277,livelytrail20,livelytrail20@opswise.net,2025-06-15 01:31:13
278,mellowyard67,mellowyard67@seeded.app,2024-03-23 19:37:07
279,urbanyard28,urbanyard28@hackstack.io,2024-04-16 21:07:33
280,rapidzenith38,rapidzenith38@relay.cloud,2026-01-15 07:04:15
281,emberanchor65,emberanchor65@example.com,2024-04-29 21:59:03
282,harborisland57,harborisland57@acme.dev,2024-11-28 05:35:36
283,clearjourney37,clearjourney37@acme.dev,2024-07-15 09:00:15
284,youngjourney20,youngjourney20@hackstack.io,2025-06-04 08:57:15
285,embercanyon00,embercanyon00@hackstack.io,2024-12-19 08:15:42
286,calmisland57,calmisland57@hackstack.io,2026-01-14 11:29:26
287,proudtrail22,proudtrail22@acme.dev,2024-03-27 00:54:39
288,cobaltanchor96,cobaltanchor96@seeded.app,2025-03-06 18:50:08
289,keenuplink20,keenuplink20@relay.cloud,2025-04-13 04:17:10
290,keensignal17,keensignal17@example.com,2025-01-22 11:44:28
291,keenuplink31,keenuplink31@relay.cloud,2025-02-03 23:22:35
292,proudfield12,proudfield12@relay.cloud,2026-01-13 04:05:06
293,ivorysignal82,ivorysignal82@hackstack.io,2024-02-09 01:40:42
294,silverjourney17,silverjourney17@hackstack.io,2024-10-08 20:40:16
295,cobaltisland09,cobaltisland09@example.com,2024-08-23 22:10:54
296,harborquartz09,harborquartz09@hackstack.io,2024-04-15 03:59:08
297,amberriver53,amberriver53@acme.dev,2026-01-16 14:40:45
298,keenyard78,keenyard78@relay.cloud,2024-03-21 21:39:15
299,dawnmeadow04,dawnmeadow04@example.com,2025-01-09 15:23:03
300,vividuplink64,vividuplink64@relay.cloud,2025-06-09 06:05:23
301,briskkernel08,briskkernel08@example.com,2024-05-19 01:24:30
302,ivoryengine35,ivoryengine35@relay.cloud,2024-06-01 11:51:18
303,silvervalley99,silvervalley99@hackstack.io,2024-12-03 22:44:43
304,forestcanyon24,forestcanyon24@opswise.net,2024-12-21 06:24:31
305,cobaltcanyon91,cobaltcanyon91@relay.cloud,2025-04-13 01:13:09
306,amberanchor07,amberanchor07@example.com,2025-07-13 07:02:44
307,calmwindow92,calmwindow92@opswise.net,2024-02-15 22:33:25
308,youngengine95,youngengine95@relay.cloud,2026-01-26 05:37:27
309,tidyfield52,tidyfield52@opswise.net,2025-11-12 17:24:52
310,ivoryengine67,ivoryengine67@example.com,2024-05-10 03:39:24
311,calmcanyon13,calmcanyon13@acme.dev,2025-09-04 11:42:29
312,rapiddelta08,rapiddelta08@acme.dev,2024-09-27 17:15:06
313,keenengine47,keenengine47@opswise.net,2024-04-27 00:06:06
314,rapidgarden64,rapidgarden64@opswise.net,2025-03-20 09:06:28
315,navywindow88,navywindow88@relay.cloud,2026-01-26 09:50:21
316,navyvalley92,navyvalley92@seeded.app,2025-01-30 03:08:00
317,prouduplink13,prouduplink13@relay.cloud,2024-04-25 19:48:31
318,ivoryisland94,ivoryisland94@seeded.app,2025-04-13 09:48:54
319,navylagoon11,navylagoon11@opswise.net,2024-03-04 21:57:04
320,emberharvest63,emberharvest63@seeded.app,2024-06-08 13:08:34
321,cobaltharvest36,cobaltharvest36@example.com,2025-02-07 18:29:11
322,harbordelta27,harbordelta27@example.com,2024-12-19 17:28:02
323,opalriver37,opalriver37@relay.cloud,2026-01-29 10:07:58
324,vividsignal64,vividsignal64@opswise.net,2025-12-16 00:29:52
325,dawntrail75,dawntrail75@relay.cloud,2025-03-30 21:11:11
326,amberpioneer09,amberpioneer09@seeded.app,2026-02-01 22:30:19
327,ivorykernel36,ivorykernel36@hackstack.io,2025-06-17 14:53:37
328,silverkernel74,silverkernel74@example.com,2025-09-30 00:35:08
329,clearlagoon56,clearlagoon56@seeded.app,2024-12-06 11:32:03
330,jadesignal60,jadesignal60@seeded.app,2024-02-27 04:46:16
331,amberquartz49,amberquartz49@hackstack.io,2024-12-21 17:47:29
332,keenkernel35,keenkernel35@hackstack.io,2025-12-09 15:26:23
333,cleartrail89,cleartrail89@seeded.app,2025-07-06 14:28:30
334,rapidisland59,rapidisland59@acme.dev,2025-10-26 15:27:17
335,vividgarden26,vividgarden26@example.com,2024-01-14 09:48:16
336,forestengine60,forestengine60@seeded.app,2025-10-07 01:59:45
337,silvertrail35,silvertrail35@acme.dev,2024-01-01 17:24:40
338,quietzenith63,quietzenith63@example.com,2025-11-26 10:07:54
339,opalorbit61,opalorbit61@example.com,2025-04-26 20:05:38
340,mellowlagoon82,mellowlagoon82@acme.dev,2025-02-13 12:31:13
341,tidyfield41,tidyfield41@example.com,2025-07-08 21:09:35
342,tidyorbit04,tidyorbit04@seeded.app,2024-02-05 07:20:06
343,keenmeadow19,keenmeadow19@acme.dev,2026-01-12 04:07:51
344,vividsignal72,vividsignal72@relay.cloud,2025-10-22 05:29:19
345,brisksignal26,brisksignal26@relay.cloud,2024-05-07 05:42:13
346,clearkernel96,clearkernel96@seeded.app,2025-01-15 12:51:57
347,urbanfield09,urbanfield09@acme.dev,2024-08-07 16:13:43
348,keencanyon40,keencanyon40@acme.dev,2024-04-03 14:36:43
349,keenlagoon25,keenlagoon25@relay.cloud,2024-07-25 08:30:40
350,proudlagoon84,proudlagoon84@opswise.net,2024-09-20 19:57:40
351,younggarden28,younggarden28@acme.dev,2024-03-21 22:00:38
352,navyyard68,navyyard68@seeded.app,2025-07-04 19:08:15
353,dawnriver59,dawnriver59@relay.cloud,2026-01-12 22:20:47
354,youngmeadow97,youngmeadow97@seeded.app,2025-06-25 02:37:48
355,clearsignal43,clearsignal43@example.com,2024-03-10 19:40:34
356,jadesignal72,jadesignal72@relay.cloud,2024-04-06 11:52:57
357,keenjourney35,keenjourney35@example.com,2024-07-13 08:17:47
358,ivorykernel54,ivorykernel54@example.com,2024-10-13 02:57:46
359,quietsignal77,quietsignal77@hackstack.io,2024-01-23 00:03:38
360,tidyjourney42,tidyjourney42@example.com,2025-06-18 08:39:49
361,cobaltorbit54,cobaltorbit54@relay.cloud,2024-06-18 20:36:31
362,calmquartz61,calmquartz61@relay.cloud,2025-10-14 13:39:46
363,vividbeacon81,vividbeacon81@opswise.net,2024-02-28 23:15:59
364,livelyengine07,livelyengine07@hackstack.io,2025-08-12 18:11:46
365,keenlagoon63,keenlagoon63@acme.dev,2024-11-13 00:02:21
366,keenorbit32,keenorbit32@example.com,2025-07-25 19:47:06
367,forestwindow70,forestwindow70@opswise.net,2024-09-15 06:18:32
368,emberorbit31,emberorbit31@acme.dev,2024-04-07 13:32:20
369,clearfield35,clearfield35@example.com,2026-01-04 03:25:18
370,goldriver34,goldriver34@opswise.net,2024-08-04 17:19:48
371,goldmeadow15,goldmeadow15@example.com,2024-05-15 01:45:14
372,goldnetwork28,goldnetwork28@example.com,2025-05-28 23:30:10
373,livelypioneer52,livelypioneer52@opswise.net,2025-06-13 03:00:28
374,emberwindow90,emberwindow90@relay.cloud,2024-11-12 15:20:08
375,youngkernel50,youngkernel50@hackstack.io,2024-11-04 06:24:40
376,brisksignal04,brisksignal04@acme.dev,2024-05-14 04:26:41
377,briskuplink67,briskuplink67@relay.cloud,2024-01-11 09:02:00
378,silverriver46,silverriver46@acme.dev,2025-04-18 06:00:51
379,livelycanyon04,livelycanyon04@seeded.app,2024-03-08 22:50:05
380,ambergarden72,ambergarden72@example.com,2024-01-28 12:22:30
381,forestcanyon37,forestcanyon37@hackstack.io,2025-04-26 03:28:21
382,briskbeacon45,briskbeacon45@hackstack.io,2025-03-11 17:53:11
383,quietfield99,quietfield99@acme.dev,2024-09-25 02:32:57
384,goldbeacon04,goldbeacon04@example.com,2024-11-01 23:28:14
385,ambervalley83,ambervalley83@relay.cloud,2026-01-23 21:28:14
386,youngcanyon06,youngcanyon06@acme.dev,2024-09-26 14:38:21
387,cobaltbeacon12,cobaltbeacon12@relay.cloud,2024-11-24 07:34:09
388,emberkernel98,emberkernel98@opswise.net,2024-06-10 23:27:49
389,rapidzenith84,rapidzenith84@acme.dev,2025-12-09 03:57:17
390,keencanyon80,keencanyon80@example.com,2025-05-20 03:11:31
391,emberkernel74,emberkernel74@example.com,2024-06-10 08:45:41
392,jadesignal63,jadesignal63@seeded.app,2024-04-15 08:10:59
393,clearharvest16,clearharvest16@hackstack.io,2025-10-01 17:56:30
394,briskuplink90,briskuplink90@hackstack.io,2024-05-02 01:51:44
395,amberfield33,amberfield33@hackstack.io,2024-01-30 18:39:19
396,mellownetwork61,mellownetwork61@relay.cloud,2025-12-08 16:52:54
397,warmjourney36,warmjourney36@relay.cloud,2025-04-01 21:31:57
398,ivoryfield41,ivoryfield41@opswise.net,2024-07-19 10:21:40
399,vividkernel63,vividkernel63@seeded.app,2025-07-22 16:57:19
400,keenyard41,keenyard41@seeded.app,2024-08-23 17:52:26
